State,salary,sector
Florida,24967.2,Customer Support/Client Care
Colorado,147722.6,IT/Software Development
California,35370.2,Administrative/Clerical
Minnesota,37450.8,Accounting/Finance/Insurance
Minnesota,35370.2,Business/Strategic Management
Nevada,39531.4,Experienced (Non-Manager)
California,83224,Experienced (Non-Manager)
California,20806,Accounting/Finance/Insurance
Massachusetts,40571.7,Accounting/Finance/Insurance
Michigan,34329.9,Accounting/Finance/Insurance
Michigan,47853.8,Accounting/Finance/Insurance
New jersey,27047.8,Experienced (Non-Manager)
Florida,24655.11,Security/Protective Services
Delaware,29128.4,Experienced (Non-Manager)
New York,64352.958,Security/Protective Services
Virginia,33289.6,Security/Protective Services
Maryland,44732.9,Security/Protective Services
Florida,12743.675,Experienced (Non-Manager)
Texas,124836,IT/Software Development
Ohio,22886.6,Entry Level
Florida,24967.2,Security/Protective Services
Florida,27047.8,Security/Protective Services
Texas,28088.1,Experienced (Non-Manager)
Texas,27047.8,Administrative/Clerical
Delaware,29128.4,Experienced (Non-Manager)
Texas,124836,IT/Software Development
New York,56009.752,Security/Protective Services
Washington,38387.07,Experienced (Non-Manager)
Colorado,35370.2,Customer Support/Client Care
Indiana,21326.15,Entry Level
Iowa,40571.7,Security/Protective Services
Texas,30168.7,Administrative/Clerical
Texas,88425.5,IT/Software Development
Ohio,62418,IT/Software Development
Texas,228866,IT/Software Development
California,67619.5,IT/Software Development
Iowa,41612,Experienced (Non-Manager)
Texas,20806,IT/Software Development
Texas,182052.5,IT/Software Development
Tennessee,62418,IT/Software Development
South carolina,62418,IT/Software Development
Texas,135239,IT/Software Development
Wisconsin,62418,IT/Software Development
North Carolina,60337.4,Biotech/R&D/Science
Florida,22886.6,Sales/Retail/Business Development
California,39531.4,Experienced (Non-Manager)
Kentucky,47853.8,Biotech/R&D/Science
Iowa,41445.552,Entry Level
Pennsylvania,60337.4,Medical/Health
Texas,49934.4,Human Resources
Texas,28608.25,Customer Support/Client Care
Ohio,15604.5,Marketing/Product
California,161246.5,Experienced (Non-Manager)
North Carolina,78022.5,Project/Program Management
Tennessee,38491.1,Legal
California,20806,Accounting/Finance/Insurance
Tennessee,32769.45,Experienced (Non-Manager)
Colorado,45773.2,Human Resources
California,57216.5,Human Resources
California,30168.7,Accounting/Finance/Insurance
California,41612,Accounting/Finance/Insurance
California,21846.3,Accounting/Finance/Insurance
Oklahoma,39531.4,Experienced (Non-Manager)
North Carolina,92586.7,IT/Software Development
South carolina,43692.6,Medical/Health
North Carolina,35370.2,Entry Level
Ohio,28608.25,Experienced (Non-Manager)
South carolina,43692.6,Medical/Health
Tennessee,36410.5,Entry Level
Florida,109231.5,IT/Software Development
California,140440.5,Experienced (Non-Manager)
Missouri,29128.4,Experienced (Non-Manager)
New jersey,178411.45,Experienced (Non-Manager)
Illinois,32207.688,Medical/Health
South carolina,92586.7,IT/Software Development
Texas,39531.4,Experienced (Non-Manager)
Ohio,47853.8,Experienced (Non-Manager)
California,119634.5,Experienced (Non-Manager)
New hampshire,85304.6,Experienced (Non-Manager)
Kentucky,39531.4,Experienced (Non-Manager)
Florida,65538.9,IT/Software Development
Florida,104030,IT/Software Development
Florida,67619.5,Entry Level
Virginia,40571.7,Experienced (Non-Manager)
Tennessee,98828.5,IT/Software Development
Tennessee,41653.612,Legal
Florida,26007.5,Experienced (Non-Manager)
Missouri,24967.2,Experienced (Non-Manager)
Texas,29128.4,Medical/Health
Ohio,47853.8,Medical/Health
Ohio,93627,Systems Analysis - ITWeb/UI/UX Design
Ohio,62418,Experienced (Non-Manager)
Florida,62418,Quality Assurance/Safety
New jersey,33809.75,Experienced (Non-Manager)
Ohio,33289.6,Experienced (Non-Manager)
Ohio,21180.508,Entry Level
Ohio,18725.4,Medical/Health
Ohio,26007.5,Entry Level
Ohio,31209,Experienced (Non-Manager)
Ohio,47198.411,Installation/Maintenance/Repair
Ohio,43692.6,Engineering
Ohio,135239,IT/Software Development
Ohio,20806,Entry Level
Ohio,46813.5,Experienced (Non-Manager)
Ohio,45273.856,Entry Level
Ohio,28088.1,Entry Level
Ohio,223664.5,Experienced (Non-Manager)
Ohio,23926.9,Student (High School)
Ohio,36088.007,Experienced (Non-Manager)
Ohio,33289.6,Entry Level
Ohio,23926.9,Entry Level
Ohio,24967.2,Student (High School)
Ohio,26007.5,Entry Level
Ohio,23926.9,Medical/Health
Ohio,23926.9,Entry Level
Ohio,32249.3,Experienced (Non-Manager)
California,34329.9,Experienced (Non-Manager)
California,72821,Experienced (Non-Manager)
Connecticut,67328.216,Legal
Ohio,26007.5,Experienced (Non-Manager)
Oklahoma,75941.9,Experienced (Non-Manager)
Michigan,28088.1,Experienced (Non-Manager)
Florida,24967.2,Experienced (Non-Manager)
Florida,39531.4,Experienced (Non-Manager)
New jersey,62938.15,Experienced (Non-Manager)
Colorado,36410.5,Experienced (Non-Manager)
New York,39531.4,Experienced (Non-Manager)
Kentucky,31209,Experienced (Non-Manager)
Florida,24967.2,Experienced (Non-Manager)
New York,31209,Entry Level
Washington,15604.5,Experienced (Non-Manager)
New York,43692.6,Entry Level
Indiana,28088.1,Experienced (Non-Manager)
California,35370.2,Experienced (Non-Manager)
Colorado,67619.5,Experienced (Non-Manager)
Texas,114433,IT/Software Development
Texas,124836,Experienced (Non-Manager)
Texas,41612,Experienced (Non-Manager)
Illinois,44732.9,Manufacturing/Production/Operations
Florida,29128.4,Entry Level
Indiana,19037.49,Food Services/Hospitality
New jersey,65538.9,Food Services/Hospitality
Indiana,30668.044,Legal
New jersey,45773.2,Experienced (Non-Manager)
Massachusetts,36410.5,Installation/Maintenance/Repair
New York,31209,Experienced (Non-Manager)
Massachusetts,228866,Accounting/Finance/Insurance
Georgia,52015,IT/Software Development
Florida,14564.2,Accounting/Finance/Insurance
Georgia,45773.2,Marketing/Product
Georgia,68659.8,Medical/Health
Nevada,31209,Sales/Retail/Business Development
Wisconsin,56550.708,Experienced (Non-Manager)
Nevada,33289.6,Experienced (Non-Manager)
Wisconsin,31812.374,Administrative/Clerical
Nevada,78022.5,Medical/Health
Wisconsin,36410.5,Accounting/Finance/Insurance
Wisconsin,24967.2,Entry Level
Nevada,40571.7,Experienced (Non-Manager)
Wisconsin,22886.6,Experienced (Non-Manager)
Wisconsin,59193.07,General/Other: Medical/HealthVeterinary/Animal Care
Tennessee,27047.8,Accounting/Finance/Insurance
Nevada,22366.45,Customer Support/Client Care
Nevada,52015,Human Resources
Wisconsin,42485.852,Veterinary/Animal Care
Wisconsin,31604.314,Banking/Real Estate/Mortgage Professionals
Wisconsin,31812.374,Administrative/Clerical
Nevada,31209,Customer Support/Client Care
Ohio,23042.645,Experienced (Non-Manager)
Texas,69700.1,Entry Level
Texas,68659.8,Experienced (Non-Manager)
Texas,102989.7,Medical/Health
Maryland,72821,Experienced (Non-Manager)
Missouri,29128.4,Experienced (Non-Manager)
Ohio,23042.645,Experienced (Non-Manager)
Colorado,26007.5,Entry Level
Pennsylvania,21846.3,Security/Protective Services
California,21846.3,Accounting/Finance/Insurance
California,18725.4,Manufacturing/Production/Operations
Washington,25945.082,Career Level Entry Level
South dakota,33289.6,Experienced (Non-Manager)
Washington,32249.3,Career Level Experienced (Non-Manager)
Colorado,28088.1,Logistics/Transportation
California,75941.9,Experienced (Non-Manager)
Texas,31209,Customer Support/Client Care
Georgia,32249.3,Human Resources
Minnesota,43692.6,Experienced (Non-Manager)
California,37450.8,Experienced (Non-Manager)
Florida,23406.75,Entry Level
Pennsylvania,33289.6,Experienced (Non-Manager)
Idaho,36410.5,Installation/Maintenance/Repair
Alabama,34329.9,Entry Level
New jersey,29128.4,Entry Level
Colorado,8842.55,Entry Level
New jersey,27047.8,Manufacturing/Production/Operations
Washington,26007.5,Installation/Maintenance/Repair
Florida,35370.2,Experienced (Non-Manager)
Ohio,31729.15,Experienced (Non-Manager)
Illinois,30168.7,Entry Level
Washington,41612,Experienced (Non-Manager)
South carolina,53055.3,Experienced (Non-Manager)
Massachusetts,44732.9,Experienced (Non-Manager)
Colorado,41612,Student (High School)
Minnesota,57216.5,Experienced (Non-Manager)
Florida,34069.825,Experienced (Non-Manager)
New York,56862.798,Installation/Maintenance/Repair
New hampshire,24967.2,Manufacturing/Production/Operations
Mississippi,23614.81,Manufacturing/Production/Operations
California,52015,Experienced (Non-Manager)
Colorado,30168.7,Manufacturing/Production/Operations
Massachusetts,28088.1,Entry Level
Michigan,29128.4,Student (Undergraduate/Graduate)
California,39531.4,Entry Level
Indiana,44732.9,Experienced (Non-Manager)
Illinois,32249.3,Experienced (Non-Manager)
New York,47853.8,Experienced (Non-Manager)
Illinois,44732.9,Student (Undergraduate/Graduate)
Ohio,23406.75,Entry Level
Illinois,28088.1,Experienced (Non-Manager)
Massachusetts,30168.7,Experienced (Non-Manager)
Ohio,36410.5,Entry Level
New jersey,45773.2,Experienced (Non-Manager)
Tennessee,46813.5,Experienced (Non-Manager)
Texas,41612,Experienced (Non-Manager)
California,22886.6,Entry Level
California,22886.6,Manufacturing/Production/Operations
Tennessee,39489.788,Experienced (Non-Manager)
Colorado,36410.5,Manufacturing/Production/Operations
Mississippi,38803.19,Manufacturing/Production/Operations
New jersey,35370.2,Experienced (Non-Manager)
Pennsylvania,23406.75,Experienced (Non-Manager)
Illinois,35370.2,Entry Level
Ohio,47198.411,Installation/Maintenance/Repair
Nebraska,12483.6,Entry Level
Idaho,45637.961,Experienced (Non-Manager)
Texas,23926.9,Manufacturing/Production/Operations
Ohio,39531.4,Manager (Manager/Supervisor of Staff)
Ohio,34329.9,Experienced (Non-Manager)
Texas,47687.352,Experienced (Non-Manager)
California,30688.85,Installation/Maintenance/Repair
Utah,24218.184,Entry Level
Wisconsin,40571.7,Installation/Maintenance/Repair
Ohio,50974.7,Experienced (Non-Manager)
Minnesota,24967.2,Manufacturing/Production/Operations
Wisconsin,26007.5,Entry Level
Tennessee,45637.961,Experienced (Non-Manager)
Iowa,32041.24,Experienced (Non-Manager)
Texas,41580.791,Experienced (Non-Manager)
Florida,26007.5,Experienced (Non-Manager)
Tennessee,13284.631,Entry Level
Indiana,22886.6,Manufacturing/Production/Operations
California,35370.2,Entry Level
Washington,40571.7,Installation/Maintenance/Repair
New hampshire,26007.5,Entry Level
California,29128.4,Entry Level
Tennessee,49934.4,Experienced (Non-Manager)
Arkansas,46813.5,Experienced (Non-Manager)
California,42652.3,Experienced (Non-Manager)
Mississippi,41924.09,Manufacturing/Production/Operations
Indiana,28348.175,Manufacturing/Production/Operations
Ohio,44732.9,Experienced (Non-Manager)
Arkansas,46813.5,Experienced (Non-Manager)
Colorado,52015,Experienced (Non-Manager)
Illinois,33289.6,Experienced (Non-Manager)
Washington,28088.1,Manufacturing/Production/Operations
Ohio,43692.6,Installation/Maintenance/Repair
Georgia,34475.542,Experienced (Non-Manager)
Massachusetts,36618.56,Experienced (Non-Manager)
South carolina,24967.2,Experienced (Non-Manager)
Virginia,35370.2,Experienced (Non-Manager)
Pennsylvania,20806,Manufacturing/Production/Operations
Pennsylvania,33809.75,Experienced (Non-Manager)
North Carolina,25487.35,Experienced (Non-Manager)
Ohio,20806,Entry Level
California,50974.7,Experienced (Non-Manager)
New York,56862.798,Manufacturing/Production/Operations
Tennessee,27047.8,Student (High School)
Ohio,27047.8,Entry Level
Pennsylvania,26007.5,Entry Level
South carolina,53055.3,Experienced (Non-Manager)
North Carolina,20806,Entry Level
New jersey,41612,Manufacturing/Production/Operations
California,39531.4,Entry Level
Wisconsin,29128.4,Manufacturing/Production/Operations
Massachusetts,46813.5,Entry Level
New hampshire,33289.6,Experienced (Non-Manager)
California,23978.915,Entry Level
New hampshire,32249.3,Experienced (Non-Manager)
California,37450.8,Manufacturing/Production/Operations
Illinois,26007.5,Manufacturing/Production/Operations
Ohio,37450.8,Experienced (Non-Manager)
Ohio,36410.5,Experienced (Non-Manager)
Ohio,33289.6,Manufacturing/Production/Operations
Kentucky,43692.6,Manufacturing/Production/Operations
Iowa,32041.24,Experienced (Non-Manager)
California,46813.5,Experienced (Non-Manager)
Colorado,30688.85,Experienced (Non-Manager)
Ohio,28088.1,Experienced (Non-Manager)
Kansas,48894.1,Manufacturing/Production/Operations
Indiana,20806,Experienced (Non-Manager)
Missouri,30480.79,Manufacturing/Production/Operations
Minnesota,135239,Manufacturing/Production/Operations
Illinois,32249.3,Experienced (Non-Manager)
Ohio,51879.761,Experienced (Non-Manager)
Rhode island,23926.9,Experienced (Non-Manager)
Wisconsin,43172.45,Logistics/Transportation
Wisconsin,75307.317,Experienced (Non-Manager)
Texas,109231.5,Project/Program Management
Texas,28088.1,Entry Level
Texas,30168.7,Experienced (Non-Manager)
Connecticut,83224,Editorial/Writing
California,19765.7,Accounting/Finance/Insurance
California,18725.4,Accounting/Finance/Insurance
California,16644.8,Accounting/Finance/Insurance
California,29128.4,Experienced (Non-Manager)
California,27047.8,Accounting/Finance/Insurance
California,17685.1,Accounting/Finance/Insurance
California,29128.4,Experienced (Non-Manager)
California,22886.6,Accounting/Finance/Insurance
California,20806,Accounting/Finance/Insurance
Missouri,22886.6,Marketing/Product
Pennsylvania,37450.8,Customer Support/Client Care
Wisconsin,43692.6,Customer Support/Client Care
Texas,39531.4,IT/Software Development
Florida,27047.8,Customer Support/Client Care
Tennessee,27047.8,Sales/Retail/Business Development
California,34132.243,Entry Level
Washington,31209,Experienced (Non-Manager)
Colorado,62418,Building Construction/Skilled Trades
Illinois,54095.6,Human Resources
California,64498.6,Accounting/Finance/Insurance
Texas,29128.4,Biotech/R&D/Science
Florida,37450.8,Human Resources
California,55135.9,Human Resources
Texas,68659.8,Experienced (Non-Manager)
South carolina,151883.8,IT/Software Development
Ohio,28608.25,Experienced (Non-Manager)
Missouri,56176.2,IT/Software Development
California,119634.5,Experienced (Non-Manager)
Pennsylvania,41612,Human Resources
North Carolina,88425.5,IT/Software Development
Pennsylvania,40176.386,Legal
Rhode island,46667.858,Legal
New York,45606.752,Legal
Maine,37180.322,Legal
Illinois,24967.2,Logistics/Transportation
Ohio,69700.1,Accounting/Finance/Insurance
Ohio,104030,Database Development/Administration
Ohio,62418,IT/Software Development
Texas,41612,Experienced (Non-Manager)
Tennessee,31209,Quality Assurance/Safety
Michigan,44732.9,Experienced (Non-Manager)
Minnesota,140440.5,Project/Program Management
Iowa,48894.1,Project/Program Management
Arkansas,109231.5,Experienced (Non-Manager)
Ohio,48894.1,Experienced (Non-Manager)
Louisiana,31209,Quality Assurance/Safety
Wisconsin,31209,Quality Assurance/Safety
Colorado,31209,Quality Assurance/Safety
Ohio,33289.6,Experienced (Non-Manager)
Missouri,41612,Experienced (Non-Manager)
Missouri,52015,Manager (Manager/Supervisor of Staff)
Ohio,145642,Experienced (Non-Manager)
Nebraska,37242.74,Quality Assurance/Safety
Rhode island,34329.9,Experienced (Non-Manager)
California,140440.5,Experienced (Non-Manager)
New jersey,31209,Quality Assurance/Safety
Oregon,31209,Quality Assurance/Safety
Massachusetts,109231.5,Experienced (Non-Manager)
California,27047.8,Experienced (Non-Manager)
Illinois,31209,Project/Program Management
Texas,83224,Experienced (Non-Manager)
Massachusetts,48894.1,Experienced (Non-Manager)
California,31209,Quality Assurance/Safety
Arizona,31209,Quality Assurance/Safety
Kansas,88425.5,Experienced (Non-Manager)
Massachusetts,48894.1,Experienced (Non-Manager)
Massachusetts,46813.5,Experienced (Non-Manager)
Ohio,31209,Experienced (Non-Manager)
Illinois,57216.5,Experienced (Non-Manager)
Pennsylvania,33289.6,Project/Program Management
Massachusetts,52015,Experienced (Non-Manager)
Connecticut,46813.5,Experienced (Non-Manager)
California,52015,Quality Assurance/Safety
Massachusetts,66579.2,Experienced (Non-Manager)
Michigan,29128.4,Experienced (Non-Manager)
California,75941.9,Experienced (Non-Manager)
Kentucky,40571.7,Manager (Manager/Supervisor of Staff)
Illinois,35370.2,Student (High School)
California,28088.1,Student (Undergraduate/Graduate)
Kansas,31209,Entry Level
Washington,130037.5,Experienced (Non-Manager)
Connecticut,47853.8,Entry Level
Illinois,33289.6,Experienced (Non-Manager)
Texas,26028.306,Quality Assurance/Safety
California,31209,Quality Assurance/Safety
Tennessee,31209,Entry Level
Massachusetts,46813.5,Experienced (Non-Manager)
Massachusetts,35370.2,Experienced (Non-Manager)
Ohio,31209,Quality Assurance/Safety
Florida,45741.991,Entry Level
California,37450.8,Experienced (Non-Manager)
California,28088.1,Quality Assurance/Safety
Texas,107150.9,Quality Assurance/Safety
California,31209,Entry Level
Ohio,30168.7,Experienced (Non-Manager)
Florida,31209,Experienced (Non-Manager)
North Carolina,28088.1,Accounting/Finance/Insurance
New York,72821,Experienced (Non-Manager)
Louisiana,31323.433,Entry Level
Minnesota,32457.36,Accounting/Finance/Insurance
Massachusetts,52015,Accounting/Finance/Insurance
Georgia,26007.5,Experienced (Non-Manager)
Georgia,63458.3,Medical/Health
Ohio,19765.7,Entry Level
California,22886.6,Logistics/Transportation
Georgia,41612,Engineering
Georgia,18725.4,Entry Level
Minnesota,58256.8,Installation/Maintenance/Repair
Wisconsin,52015,Installation/Maintenance/Repair
Massachusetts,26506.844,Installation/Maintenance/Repair
Kentucky,31209,Installation/Maintenance/Repair
California,59401.13,Installation/Maintenance/Repair
Ohio,22886.6,Entry Level
Florida,15604.5,Manager (Manager/Supervisor of Staff)
Kansas,31209,Entry Level
Louisiana,15604.5,Entry Level
California,46813.5,Food Services/Hospitality
Colorado,24707.125,Student (High School)
California,62418,Entry Level
Delaware,18725.4,Entry Level
Louisiana,31323.433,Entry Level
California,50974.7,Accounting/Finance/Insurance
Washington,22335.241,Career Level Entry Level
Washington,28088.1,Entry Level
Texas,27047.8,Manufacturing/Production/Operations
Maryland,32249.3,Manufacturing/Production/Operations
Florida,17685.1,Entry Level
California,34329.9,Installation/Maintenance/Repair
Pennsylvania,43692.6,Experienced (Non-Manager)
Michigan,17685.1,Entry Level
Pennsylvania,21638.24,Manufacturing/Production/Operations
Pennsylvania,43692.6,Experienced (Non-Manager)
Texas,27047.8,Manufacturing/Production/Operations
Wisconsin,42652.3,Experienced (Non-Manager)
Massachusetts,34329.9,Accounting/Finance/Insurance
Massachusetts,46813.5,Medical/Health
Massachusetts,34329.9,Accounting/Finance/Insurance
Massachusetts,93627,Medical/Health
Massachusetts,34329.9,Accounting/Finance/Insurance
Ohio,30168.7,Accounting/Finance/Insurance
New jersey,40571.7,Accounting/Finance/Insurance
Texas,48894.1,Accounting/Finance/Insurance
Ohio,32249.3,Accounting/Finance/Insurance
Florida,37450.8,Experienced (Non-Manager)
Florida,28088.1,Accounting/Finance/Insurance
Michigan,32249.3,Accounting/Finance/Insurance
Texas,38491.1,Experienced (Non-Manager)
Texas,20806,Installation/Maintenance/Repair
California,57216.5,Installation/Maintenance/Repair
Georgia,27047.8,Sales/Retail/Business Development
Texas,33289.6,Experienced (Non-Manager)
Texas,38491.1,Customer Support/Client Care
Texas,48894.1,Entry Level
Texas,22366.45,Experienced (Non-Manager)
Texas,29128.4,Entry Level
Texas,46813.5,Experienced (Non-Manager)
Texas,52015,Experienced (Non-Manager)
Texas,46813.5,Experienced (Non-Manager)
Texas,24967.2,Experienced (Non-Manager)
Texas,83224,IT/Software Development
Texas,46813.5,Experienced (Non-Manager)
Texas,22886.6,Logistics/Transportation
Texas,27047.8,Customer Support/Client Care
Texas,29128.4,Experienced (Non-Manager)
Texas,29128.4,Experienced (Non-Manager)
Texas,27047.8,Entry Level
Texas,57216.5,Experienced (Non-Manager)
Texas,43172.45,Logistics/Transportation
Texas,33289.6,Manager (Manager/Supervisor of Staff)
Texas,145642,IT/Software Development
Texas,24967.2,Sales/Retail/Business Development
Texas,130037.5,IT/Software Development
Texas,57216.5,Experienced (Non-Manager)
Texas,62418,Systems Analysis - IT
Texas,104030,IT/Software Development
Texas,28088.1,Experienced (Non-Manager)
Texas,21846.3,Entry Level
Texas,36410.5,Experienced (Non-Manager)
Texas,119634.5,Experienced (Non-Manager)
Texas,156045,Experienced (Non-Manager)
Ohio,26007.5,Manager (Manager/Supervisor of Staff)
Ohio,34329.9,Manager (Manager/Supervisor of Staff)
Texas,30168.7,Entry Level
Texas,40571.7,Experienced (Non-Manager)
Texas,43692.6,Experienced (Non-Manager)
Texas,93627,IT/Software Development
Texas,30168.7,Experienced (Non-Manager)
Texas,26007.5,Experienced (Non-Manager)
Texas,28088.1,Medical/Health
Texas,26007.5,Experienced (Non-Manager)
Ohio,26007.5,Experienced (Non-Manager)
Texas,27734.398,Quality Assurance/Safety
Texas,27047.8,Experienced (Non-Manager)
Texas,34329.9,Experienced (Non-Manager)
Ohio,14564.2,Customer Support/Client Care
Texas,27047.8,Entry Level
Texas,46813.5,IT/Software Development
Texas,52015,Logistics/Transportation
Texas,113392.7,Experienced (Non-Manager)
Texas,37450.8,Experienced (Non-Manager)
Texas,29128.4,Experienced (Non-Manager)
California,33289.6,Logistics/Transportation
Washington,32249.3,Career Level Experienced (Non-Manager)
Texas,32249.3,Experienced (Non-Manager)
New York,32249.3,Entry Level
Texas,31729.15,Medical/Health
Ohio,83224,Experienced (Non-Manager)
South carolina,29648.55,Medical/Health
Massachusetts,100909.1,Experienced (Non-Manager)
Oklahoma,33289.6,Entry Level
Florida,24967.2,Student (High School)
Washington,40571.7,Experienced (Non-Manager)
Ohio,46813.5,Experienced (Non-Manager)
California,28941.146,Experienced (Non-Manager)
California,46813.5,Experienced (Non-Manager)
South carolina,41612,Experienced (Non-Manager)
California,114433,Experienced (Non-Manager)
Kansas,24738.334,Entry Level
California,33289.6,Experienced (Non-Manager)
Ohio,19765.7,Experienced (Non-Manager)
Missouri,18205.25,Entry Level
Maryland,33289.6,Medical/Health
South carolina,33289.6,Experienced (Non-Manager)
Iowa,19245.55,Student (Undergraduate/Graduate)
California,60337.4,Experienced (Non-Manager)
New York,46813.5,Manager (Manager/Supervisor of Staff)
Pennsylvania,38491.1,Experienced (Non-Manager)
Wisconsin,14761.857,General/Other: Food Services
Massachusetts,20806,Medical/Health
New York,109231.5,Manager (Manager/Supervisor of Staff)
Texas,102500,Experienced (Non-Manager)
Colorado,42500,Experienced (Non-Manager)
Texas,85000,Building Construction/Skilled Trades
Texas,75000,Building Construction/Skilled Trades
Colorado,77500,Accounting/Finance/Insurance
Colorado,125000,Accounting/Finance/Insurance
Nevada,92500,Accounting/Finance/Insurance
Nevada,75000,Accounting/Finance/Insurance
Nevada,55000,Accounting/Finance/Insurance
Massachusetts,45000,Accounting/Finance/Insurance
New jersey,42500,Sales/Retail/Business Development
Colorado,50000,Building Construction/Skilled Trades
Texas,115000,Medical/Health
Colorado,60000,Experienced (Non-Manager)
Texas,65000,Building Construction/Skilled Trades
Texas,65000,Human Resources
Colorado,85000,"Executive (SVP, VP, Department Head, etc)"
Florida,66616,Experienced (Non-Manager)
Colorado,45000,Building Construction/Skilled Trades
Texas,60000,Manager (Manager/Supervisor of Staff)
Tennessee,73500,IT/Software Development
New jersey,185000,IT/Software Development
Tennessee,80000,IT/Software Development
Wisconsin,155000,"Executive (SVP, VP, Department Head, etc)"
Texas,110000,Experienced (Non-Manager)
New jersey,150000,Biotech/R&D/Science
Illinois,90000,Quality Assurance/Safety
Illinois,75000,Quality Assurance/Safety
Illinois,100000,Quality Assurance/Safety
Kentucky,90000,Experienced (Non-Manager)
Georgia,130000,"Executive (SVP, VP, Department Head, etc)"
Wisconsin,77500,Quality Assurance/Safety
Texas,57500,Quality Assurance/Safety
Missouri,77500,Quality Assurance/Safety
Ohio,50000,Quality Assurance/Safety
Kentucky,82500,Quality Assurance/Safety
Texas,80000,Quality Assurance/Safety
Alabama,65000,General/Other: Food Services
North Carolina,57500,Food Services/Hospitality
Georgia,75000,Experienced (Non-Manager)
Georgia,55000,Sales/Retail/Business Development
Texas,175000,IT/Software Development
Georgia,65000,Accounting/Finance/Insurance
Georgia,65000,Food Services/Hospitality
Georgia,20500,Manufacturing/Production/Operations
Texas,100000,Project/Program Management
Tennessee,105000,Manager (Manager/Supervisor of Staff)
California,80000,Manager (Manager/Supervisor of Staff)
Pennsylvania,55000,Manager (Manager/Supervisor of Staff)
Pennsylvania,37500,Entry Level
Wyoming,62500,Project/Program Management
Florida,45000,Marketing/Product
Illinois,105000,Manager (Manager/Supervisor of Staff)
Florida,70000,Manager (Manager/Supervisor of Staff)
Texas,100000,Building Construction/Skilled Trades
Texas,119750,IT/Software Development
Texas,97500,Building Construction/Skilled Trades
Texas,67500,Building Construction/Skilled Trades
Missouri,60000,Business/Strategic Management
Kansas,65000,Engineering
Missouri,85000,Experienced (Non-Manager)
California,37500,Accounting/Finance/Insurance
New York,100000,Accounting/Finance/Insurance
New York,62500,Accounting/Finance/Insurance
New York,85000,Accounting/Finance/Insurance
New mexico,67500,Accounting/Finance/Insurance
Florida,27500,Accounting/Finance/Insurance
New jersey,70000,Accounting/Finance/Insurance
New jersey,90000,Human Resources
New York,82500,Accounting/Finance/Insurance
Massachusetts,55000,Human Resources
New York,152500,Accounting/Finance/Insurance
New York,57500,Accounting/Finance/Insurance
Illinois,31500,Accounting/Finance/Insurance
Florida,47500,Accounting/Finance/Insurance
California,52500,Accounting/Finance/Insurance
New York,70000,Accounting/Finance/Insurance
New jersey,117500,Accounting/Finance/Insurance
California,45000,Accounting/Finance/Insurance
Illinois,70000,Accounting/Finance/Insurance
Wisconsin,95000,Accounting/Finance/Insurance
Texas,90000,Accounting/Finance/Insurance
California,115000,Accounting/Finance/Insurance
California,62500,Accounting/Finance/Insurance
Florida,30500,Accounting/Finance/Insurance
Florida,55000,Accounting/Finance/Insurance
New jersey,75000,Accounting/Finance/Insurance
Georgia,70000,Sales/Retail/Business Development
Delaware,82500,Sales/Retail/Business Development
Colorado,100000,Sales/Retail/Business Development
Maryland,35000,Sales/Retail/Business Development
Iowa,70000,Sales/Retail/Business Development
Illinois,82500,Sales/Retail/Business Development
Massachusetts,105000,Accounting/Finance/Insurance
Wisconsin,47500,Food Services/Hospitality
Iowa,72500,Food Services/Hospitality
Texas,67500,Manager (Manager/Supervisor of Staff)
Texas,102500,Manager (Manager/Supervisor of Staff)
Texas,80000,Manager (Manager/Supervisor of Staff)
Texas,67500,Manager (Manager/Supervisor of Staff)
California,87500,Experienced (Non-Manager)
Indiana,27500,Experienced (Non-Manager)
Florida,35000,Experienced (Non-Manager)
Alabama,47500,Experienced (Non-Manager)
Tennessee,92500,IT/Software Development
Tennessee,55000,IT/Software Development
Oklahoma,32500,Experienced (Non-Manager)
Virginia,165000,Manager (Manager/Supervisor of Staff)
Florida,37000,Experienced (Non-Manager)
Minnesota,37000,Experienced (Non-Manager)
New York,97500,Experienced (Non-Manager)
Florida,66592.135,Experienced (Non-Manager)
California,133889.5,Manager (Manager/Supervisor of Staff)
Ohio,80000,IT/Software Development
Missouri,117500,Experienced (Non-Manager)
California,108493,Experienced (Non-Manager)
Florida,77500,IT/Software Development
Texas,57500,IT/Software Development
Texas,60000,Medical/Health
Connecticut,52500,Experienced (Non-Manager)
California,107500,Experienced (Non-Manager)
Maryland,115000,IT/Software Development
Florida,92500,Experienced (Non-Manager)
Texas,70000,Manager (Manager/Supervisor of Staff)
North Carolina,85000,Experienced (Non-Manager)
New hampshire,80000,Medical/Health
New jersey,40000,Experienced (Non-Manager)
Texas,62500,Medical/Health
Ohio,45000,Entry Level
Minnesota,33150,Entry Level
Ohio,68500,Manager (Manager/Supervisor of Staff)
California,87500,Experienced (Non-Manager)
Ohio,62500,Entry Level
Ohio,110000,IT/Software Development
Virginia,72500,Experienced (Non-Manager)
New York,43500,Experienced (Non-Manager)
Missouri,80000,Experienced (Non-Manager)
Georgia,90000,Experienced (Non-Manager)
Texas,190000,"Executive (SVP, VP, Department Head, etc)"
Massachusetts,94000,Experienced (Non-Manager)
Tennessee,30000,Other
Tennessee,92500,IT/Software Development
Texas,64500,Manager (Manager/Supervisor of Staff)
Texas,77000,Manager (Manager/Supervisor of Staff)
Tennessee,82500,IT/Software Development
New hampshire,65000,Experienced (Non-Manager)
Illinois,70000,Sales/Retail/Business Development
Virginia,70000,Sales/Retail/Business Development
Indiana,35000,Manager (Manager/Supervisor of Staff)
Florida,80000,Experienced (Non-Manager)
Missouri,70000,Sales/Retail/Business Development
California,90000,Experienced (Non-Manager)
Massachusetts,18000,Accounting/Finance/Insurance
Indiana,45000,Accounting/Finance/Insurance
Kentucky,52500,Food Services/Hospitality
Ohio,92500,IT/Software Development
Ohio,37500,Customer Support/Client Care
Ohio,60000,Account Management (Commissioned)Insurance Agent/BrokerFinancial Products Sales/Brokerage
Florida,92500,Medical/Health
Illinois,70000,Sales/Retail/Business Development
Georgia,70000,Sales/Retail/Business Development
Illinois,85000,Experienced (Non-Manager)
Missouri,45000,Experienced (Non-Manager)
Illinois,41000,Experienced (Non-Manager)
Ohio,43000,Experienced (Non-Manager)
Ohio,43500,Sales/Retail/Business Development
Ohio,43500,Sales/Retail/Business Development
Ohio,57500,Entry Level
Ohio,152500,Experienced (Non-Manager)
Ohio,82500,Experienced (Non-Manager)
Ohio,43500,Sales/Retail/Business Development
Ohio,94373.5,Manager (Manager/Supervisor of Staff)
Ohio,42500,Installation/Maintenance/Repair
Ohio,65000,Experienced (Non-Manager)
Ohio,43500,Sales/Retail/Business Development
Ohio,31500,Entry Level
Ohio,50000,Sales/Retail/Business Development
Ohio,47500,Experienced (Non-Manager)
Ohio,57500,Experienced (Non-Manager)
Ohio,40000,Experienced (Non-Manager)
Ohio,47500,Experienced (Non-Manager)
Ohio,45000,Experienced (Non-Manager)
Ohio,100000,Manager (Manager/Supervisor of Staff)
Ohio,30000,Experienced (Non-Manager)
Ohio,55000,Manager (Manager/Supervisor of Staff)
Ohio,80000,IT/Software Development
Ohio,43500,Sales/Retail/Business Development
Ohio,43500,Sales/Retail/Business Development
Ohio,51000,Customer Support/Client Care
Ohio,57500,Entry Level
Ohio,52500,Experienced (Non-Manager)
Ohio,25000,Experienced (Non-Manager)
Ohio,100000,Sales/Retail/Business Development
Ohio,16000,Experienced (Non-Manager)
Ohio,43500,Sales/Retail/Business Development
Ohio,51000,Engineering
Ohio,37500,Experienced (Non-Manager)
Ohio,35000,Experienced (Non-Manager)
Ohio,37500,Experienced (Non-Manager)
Ohio,52500,Manager (Manager/Supervisor of Staff)
Ohio,60000,Marketing/Product
Ohio,150500,Experienced (Non-Manager)
Ohio,43500,Sales/Retail/Business Development
Ohio,120000,IT/Software Development
Ohio,42500,Experienced (Non-Manager)
Ohio,37500,Sales/Retail/Business Development
Ohio,43500,Sales/Retail/Business Development
Ohio,60000,Experienced (Non-Manager)
Ohio,45000,Manager (Manager/Supervisor of Staff)
Ohio,42500,Entry Level
Ohio,40000,Manager (Manager/Supervisor of Staff)
Ohio,87500,IT/Software Development
Ohio,43500,Sales/Retail/Business Development
New York,72500,Experienced (Non-Manager)
California,105000,Experienced (Non-Manager)
New York,140000,Manager (Manager/Supervisor of Staff)
Texas,27500,Experienced (Non-Manager)
Massachusetts,72500,Legal
New York,67500,Experienced (Non-Manager)
Pennsylvania,110000,Legal
Colorado,57500,Experienced (Non-Manager)
California,42500,Experienced (Non-Manager)
New York,120000,Manager (Manager/Supervisor of Staff)
Florida,37500,Entry Level
New York,85000,Experienced (Non-Manager)
New York,142500,Manager (Manager/Supervisor of Staff)
New York,65000,Experienced (Non-Manager)
Connecticut,90000,Experienced (Non-Manager)
New York,150000,Manager (Manager/Supervisor of Staff)
Massachusetts,45000,Legal
New York,60000,Experienced (Non-Manager)
California,65000,Experienced (Non-Manager)
Florida,57500,Experienced (Non-Manager)
New York,97500,Experienced (Non-Manager)
Ohio,29500,Experienced (Non-Manager)
New jersey,48500,Experienced (Non-Manager)
California,42500,Entry Level
Florida,34250,Experienced (Non-Manager)
Florida,80000,Experienced (Non-Manager)
California,37000,Entry Level
Arizona,31000,Experienced (Non-Manager)
Colorado,70000,Entry Level
New jersey,157500,Experienced (Non-Manager)
Texas,225000,Experienced (Non-Manager)
New York,132500,Manager (Manager/Supervisor of Staff)
Virginia,47500,Experienced (Non-Manager)
New York,65000,Experienced (Non-Manager)
New jersey,70000,Experienced (Non-Manager)
Florida,51000,Experienced (Non-Manager)
Michigan,50000,Experienced (Non-Manager)
New York,45000,Experienced (Non-Manager)
New jersey,35000,Experienced (Non-Manager)
New York,47500,Experienced (Non-Manager)
Texas,45000,Experienced (Non-Manager)
New York,150000,Manager (Manager/Supervisor of Staff)
Florida,45000,Experienced (Non-Manager)
New York,92500,Experienced (Non-Manager)
New York,80000,Experienced (Non-Manager)
Texas,125000,Manager (Manager/Supervisor of Staff)
Texas,80000,Accounting/Finance/Insurance
Texas,35000,Manager (Manager/Supervisor of Staff)
Texas,55000,Accounting/Finance/Insurance
Texas,35000,Entry Level
Texas,80000,Accounting/Finance/Insurance
Texas,107500,Medical/Health
Texas,67500,Accounting/Finance/Insurance
Arkansas,105000,Manufacturing/Production/Operations
Illinois,82500,Sales/Retail/Business Development
Tennessee,80000,Accounting/Finance/Insurance
California,26000,Accounting/Finance/Insurance
Illinois,110000,Manager (Manager/Supervisor of Staff)
Colorado,90000,"Executive (SVP, VP, Department Head, etc)"
California,90000,Business/Strategic Management
Illinois,105000,Experienced (Non-Manager)
Ohio,70000,Engineering
Indiana,52500,Experienced (Non-Manager)
Massachusetts,37500,Other
Texas,130000,"Executive (SVP, VP, Department Head, etc)"
Massachusetts,135000,Accounting/Finance/Insurance
Minnesota,105000,IT/Software Development
Massachusetts,60000,Engineering
Massachusetts,135000,Marketing/Product
Massachusetts,142500,Accounting/Finance/Insurance
Massachusetts,90000,Experienced (Non-Manager)
Illinois,97500,Manager (Manager/Supervisor of Staff)
Florida,95000,Project/Program Management
Pennsylvania,77500,Experienced (Non-Manager)
California,117500,Food Services/Hospitality
Georgia,65000,Accounting/Finance/Insurance
Nevada,112500,Experienced (Non-Manager)
Nevada,85000,Accounting/Finance/Insurance
Nevada,59800,Manager (Manager/Supervisor of Staff)
Nevada,67500,Accounting/Finance/Insurance
Nevada,67500,Accounting/Finance/Insurance
Nevada,75000,Entry Level
Nevada,41500,Accounting/Finance/Insurance
Nevada,117500,Accounting/Finance/Insurance
Tennessee,28000,Administrative/Clerical
Nevada,55000,Logistics/Transportation
Nevada,150000,Entry Level
Nevada,62500,Manager (Manager/Supervisor of Staff)
Nevada,47000,Entry Level
Nevada,57500,Experienced (Non-Manager)
Wisconsin,90000,Experienced (Non-Manager)
Wisconsin,225000,"Executive (SVP, VP, Department Head, etc)"
Tennessee,25000,Student (High School)
Wisconsin,65000,Experienced (Non-Manager)
Nevada,65000,Experienced (Non-Manager)
Wisconsin,51000,Entry Level
Wisconsin,32500,Experienced (Non-Manager)
Nevada,41500,Accounting/Finance/Insurance
Wisconsin,82500,Manager (Manager/Supervisor of Staff)
Nevada,50000,Accounting/Finance/Insurance
Nevada,40000,Sales/Retail/Business Development
Nevada,102500,Medical/Health
Nevada,62500,Experienced (Non-Manager)
Nevada,85000,Accounting/Finance/Insurance
Nevada,100000,Manager (Manager/Supervisor of Staff)
Wisconsin,42500,Experienced (Non-Manager)
Nevada,67500,Manager (Manager/Supervisor of Staff)
Nevada,32500,Entry Level
South carolina,275000,Entry Level
Florida,87500,Manager (Manager/Supervisor of Staff)
Washington,137500,"Executive (SVP, VP, Department Head, etc)"
Maryland,62500,Experienced (Non-Manager)
California,167500,Manager (Manager/Supervisor of Staff)
Texas,57500,Manager (Manager/Supervisor of Staff)
Ohio,97500,Experienced (Non-Manager)
Colorado,75129,Accounting/Finance/Insurance
Colorado,100000,Medical/Health
Colorado,100000,Sales/Retail/Business Development
California,125000,Sales/Retail/Business Development
California,43000,Sales/Retail/Business Development
Massachusetts,47500,Experienced (Non-Manager)
Arkansas,80000,Manufacturing/Production/Operations
Kansas,55000,Manager (Manager/Supervisor of Staff)
Texas,90000,Building Construction/Skilled Trades
Texas,105000,Building Construction/Skilled Trades
Texas,95000,Building Construction/Skilled Trades
Colorado,54100,Experienced (Non-Manager)
Colorado,45000,Building Construction/Skilled Trades
Colorado,40000,Manager (Manager/Supervisor of Staff)
Colorado,39520,Accounting/Finance/Insurance
Texas,90000,Building Construction/Skilled Trades
Texas,92500,Building Construction/Skilled Trades
Texas,95000,Building Construction/Skilled Trades
Colorado,43750,Experienced (Non-Manager)
Colorado,42000,Accounting/Finance/Insurance
New York,22500,Installation/Maintenance/Repair
Texas,115000,Manager (Manager/Supervisor of Staff)
Texas,57500,Accounting/Finance/Insurance
Texas,62500,Accounting/Finance/Insurance
Texas,60000,Manager (Manager/Supervisor of Staff)
Texas,67500,Experienced (Non-Manager)
Texas,35000,Sales/Retail/Business Development
Texas,90000,Building Construction/Skilled Trades
Texas,77500,Building Construction/Skilled Trades
Nevada,80000,Accounting/Finance/Insurance
North Carolina,87500,"Executive (SVP, VP, Department Head, etc)"
Missouri,38000,Installation/Maintenance/Repair
Florida,45000,Installation/Maintenance/Repair
Louisiana,50000,Entry Level
New jersey,40000,Manager (Manager/Supervisor of Staff)
Virginia,32500,Entry Level
Illinois,50000,Experienced (Non-Manager)
Texas,34000,Installation/Maintenance/Repair
California,90078,Experienced (Non-Manager)
New jersey,42500,Experienced (Non-Manager)
Iowa,117500,Manager (Manager/Supervisor of Staff)
Florida,90000,Experienced (Non-Manager)
Pennsylvania,37500,Entry Level
Illinois,65000,Entry Level
New jersey,95000,Experienced (Non-Manager)
Ohio,32500,Experienced (Non-Manager)
New jersey,52500,Experienced (Non-Manager)
Ohio,47500,Manager (Manager/Supervisor of Staff)
North Carolina,70000,Manager (Manager/Supervisor of Staff)
Virginia,66500,Experienced (Non-Manager)
Indiana,40000,Entry Level
Tennessee,31500,Entry Level
Illinois,35000,Experienced (Non-Manager)
New jersey,57000,Experienced (Non-Manager)
Kansas,82500,Manager (Manager/Supervisor of Staff)
Florida,40000,Experienced (Non-Manager)
North Carolina,55000,Manager (Manager/Supervisor of Staff)
Indiana,50000,Experienced (Non-Manager)
New jersey,50000,Manager (Manager/Supervisor of Staff)
Illinois,80000,Experienced (Non-Manager)
New York,67500,Experienced (Non-Manager)
New jersey,57000,Experienced (Non-Manager)
Virginia,60000,Experienced (Non-Manager)
Virginia,50000,Manager (Manager/Supervisor of Staff)
New jersey,70000,Experienced (Non-Manager)
South carolina,70000,Experienced (Non-Manager)
Arkansas,65000,Experienced (Non-Manager)
North Dakota,42500,Experienced (Non-Manager)
Iowa,55000,Experienced (Non-Manager)
Texas,52500,Installation/Maintenance/Repair
Texas,47800,Experienced (Non-Manager)
California,77664,Experienced (Non-Manager)
New jersey,55000,Installation/Maintenance/Repair
Massachusetts,50000,Experienced (Non-Manager)
Massachusetts,55000,Experienced (Non-Manager)
Minnesota,56000,Experienced (Non-Manager)
Massachusetts,54000,Experienced (Non-Manager)
Ohio,115000,Manager (Manager/Supervisor of Staff)
Illinois,36000,Entry Level
Florida,45000,Manager (Manager/Supervisor of Staff)
California,62500,Experienced (Non-Manager)
Texas,36000,Manager (Manager/Supervisor of Staff)
New York,60000,Manager (Manager/Supervisor of Staff)
Pennsylvania,72500,Manager (Manager/Supervisor of Staff)
Kentucky,77500,Manufacturing/Production/Operations
North Carolina,57500,Experienced (Non-Manager)
North Carolina,47500,Manager (Manager/Supervisor of Staff)
Missouri,80000,Manager (Manager/Supervisor of Staff)
Missouri,125000,Manager (Manager/Supervisor of Staff)
Arizona,67500,Manager (Manager/Supervisor of Staff)
California,175000,"Executive (SVP, VP, Department Head, etc)"
Pennsylvania,27500,Entry Level
New jersey,39000,Experienced (Non-Manager)
Illinois,67500,Experienced (Non-Manager)
Indiana,72500,Experienced (Non-Manager)
Mississippi,57500,Manufacturing/Production/Operations
Mississippi,47500,Manager (Manager/Supervisor of Staff)
Ohio,57500,Manufacturing/Production/Operations
Wisconsin,45000,Experienced (Non-Manager)
Missouri,92500,Manager (Manager/Supervisor of Staff)
Iowa,85000,Manager (Manager/Supervisor of Staff)
Florida,37500,Manager (Manager/Supervisor of Staff)
Florida,72500,Manager (Manager/Supervisor of Staff)
Kentucky,63000,Experienced (Non-Manager)
Minnesota,77000,Manager (Manager/Supervisor of Staff)
Ohio,110000,Manufacturing/Production/Operations
Ohio,95000,Experienced (Non-Manager)
Kentucky,38500,Experienced (Non-Manager)
North Carolina,47500,Manager (Manager/Supervisor of Staff)
Georgia,80000,IT/Software Development
Wisconsin,62500,Experienced (Non-Manager)
Missouri,85000,Experienced (Non-Manager)
Wisconsin,55000,Experienced (Non-Manager)
Wisconsin,83500,Experienced (Non-Manager)
Illinois,41000,Experienced (Non-Manager)
Illinois,40000,Quality Assurance/Safety
Illinois,85000,Experienced (Non-Manager)
Texas,97500,Quality Assurance/Safety
Alabama,87500,Manager (Manager/Supervisor of Staff)
Michigan,125000,Experienced (Non-Manager)
Alabama,72500,Project/Program Management
Pennsylvania,85000,Quality Assurance/Safety
Texas,36500,Experienced (Non-Manager)
Texas,112500,Manager (Manager/Supervisor of Staff)
California,28500,Accounting/Finance/Insurance
California,55000,Accounting/Finance/Insurance
California,70000,Accounting/Finance/Insurance
California,27500,Accounting/Finance/Insurance
Illinois,70000,Sales/Retail/Business Development
North Carolina,250000,Medical/Health
Illinois,70000,Sales/Retail/Business Development
West Virginia,70000,Sales/Retail/Business Development
Maryland,70000,Sales/Retail/Business Development
California,125000,Experienced (Non-Manager)
Pennsylvania,70000,Sales/Retail/Business Development
Mississippi,70000,Sales/Retail/Business Development
Georgia,70000,Sales/Retail/Business Development
Indiana,70000,Sales/Retail/Business Development
Illinois,70000,Sales/Retail/Business Development
Pennsylvania,70000,Sales/Retail/Business Development
Georgia,70000,Sales/Retail/Business Development
Mississippi,70000,Sales/Retail/Business Development
Maryland,70000,Sales/Retail/Business Development
Illinois,70000,Sales/Retail/Business Development
Missouri,70000,Sales/Retail/Business Development
Missouri,70000,Sales/Retail/Business Development
Wisconsin,35000,Customer Support/Client Care
Texas,70000,Sales/Retail/Business Development
Texas,90000,Manager (Manager/Supervisor of Staff)
Texas,87500,Medical/Health
California,70000,Experienced (Non-Manager)
California,65000,Accounting/Finance/Insurance
Kentucky,70000,Sales/Retail/Business Development
Indiana,28655,Customer Support/Client Care
Texas,57782.4,Customer Support/Client Care
Ohio,48500,Manager (Manager/Supervisor of Staff)
North Carolina,21500,Entry Level
Massachusetts,92500,Accounting/Finance/Insurance
Massachusetts,82500,Experienced (Non-Manager)
Rhode island,75000,Experienced (Non-Manager)
Massachusetts,57500,Experienced (Non-Manager)
Florida,60000,Accounting/Finance/Insurance
Tennessee,70000,Sales/Retail/Business Development
Illinois,70000,Sales/Retail/Business Development
California,50000,Administrative/Clerical
California,55000,Accounting/Finance/Insurance
Wisconsin,67500,Human Resources
Texas,95000,Experienced (Non-Manager)
California,60000,Accounting/Finance/Insurance
Indiana,92500,Experienced (Non-Manager)
California,130000,Business/Strategic Management
California,125000,Sales/Retail/Business Development
Massachusetts,109000,Manager (Manager/Supervisor of Staff)
Massachusetts,80000,Experienced (Non-Manager)
New jersey,150000,Biotech/R&D/Science
Virginia,72500,Biotech/R&D/Science
New jersey,150000,Biotech/R&D/Science
New jersey,150000,Biotech/R&D/Science
Minnesota,79500,Experienced (Non-Manager)
Texas,72500,Experienced (Non-Manager)
Tennessee,70000,Human Resources
Pennsylvania,55000,Experienced (Non-Manager)
New York,65000,Experienced (Non-Manager)
New jersey,110000,Human Resources
Virginia,40000,Experienced (Non-Manager)
California,57500,Experienced (Non-Manager)
Ohio,85000,Experienced (Non-Manager)
Pennsylvania,27500,Legal
Utah,80000,Experienced (Non-Manager)
Massachusetts,76500,Legal
New York,47500,Experienced (Non-Manager)
Massachusetts,80000,Legal
Tennessee,95000,Experienced (Non-Manager)
Illinois,82500,Sales/Retail/Business Development
Illinois,105000,Experienced (Non-Manager)
Illinois,76000,Desktop Service and Support
Illinois,82500,Sales/Retail/Business Development
Illinois,32500,Sales/Retail/Business Development
Ohio,70000,Insurance Agent/BrokerGeneral/Other: Sales/Business DevelopmentFinancial Products Sales/Brokerage
Ohio,90000,IT/Software Development
Ohio,110000,Sales/Retail/Business Development
Ohio,70000,Sales/Retail/Business Development
Ohio,60000,Engineering
Ohio,102500,Project/Program Management
Ohio,85000,IT/Software Development
Ohio,112500,Experienced (Non-Manager)
Ohio,77500,IT/Software Development
Ohio,75000,Insurance Agent/BrokerGeneral/Other: Sales/Business DevelopmentFinancial Products Sales/Brokerage
Ohio,57500,Engineering
Ohio,70000,Insurance Agent/BrokerGeneral/Other: Sales/Business DevelopmentFinancial Products Sales/Brokerage
Indiana,70000,Sales/Retail/Business Development
Texas,97500,Marketing/Product
North Carolina,92500,Engineering
North Carolina,95042.5,Manager (Manager/Supervisor of Staff)
Indiana,28250,Manager (Manager/Supervisor of Staff)
Wisconsin,115000,Quality Assurance/Safety
Ohio,72500,Experienced (Non-Manager)
Michigan,56000,Project/Program Management
Georgia,50000,Entry Level
Maine,70000,Entry Level
Pennsylvania,60000,Experienced (Non-Manager)
Pennsylvania,82500,Experienced (Non-Manager)
Utah,65000,Experienced (Non-Manager)
California,77500,Manager (Manager/Supervisor of Staff)
Texas,110000,Project/Program Management
Massachusetts,45000,Experienced (Non-Manager)
West Virginia,37500,Experienced (Non-Manager)
Ohio,85000,Manager (Manager/Supervisor of Staff)
California,80000,Project/Program Management
Texas,67500,Manager (Manager/Supervisor of Staff)
Michigan,57500,Experienced (Non-Manager)
Connecticut,85000,"Executive (SVP, VP, Department Head, etc)"
Florida,60000,Experienced (Non-Manager)
Michigan,130000,Experienced (Non-Manager)
California,115000,Manager (Manager/Supervisor of Staff)
Iowa,36000,Experienced (Non-Manager)
Kansas,65000,Quality Assurance/Safety
New jersey,75000,Manager (Manager/Supervisor of Staff)
California,50000,Manager (Manager/Supervisor of Staff)
Pennsylvania,102500,Manager (Manager/Supervisor of Staff)
Alabama,110000,Quality Assurance/Safety
Minnesota,42500,Experienced (Non-Manager)
Florida,40000,Manager (Manager/Supervisor of Staff)
Kentucky,90000,Manager (Manager/Supervisor of Staff)
North Carolina,62500,Project/Program Management
Florida,90459,Manager (Manager/Supervisor of Staff)
Montana,55000,"Executive (SVP, VP, Department Head, etc)"
Pennsylvania,55000,Manager (Manager/Supervisor of Staff)
Louisiana,95000,Experienced (Non-Manager)
Montana,55000,"Executive (SVP, VP, Department Head, etc)"
Iowa,75000,Manager (Manager/Supervisor of Staff)
South carolina,70000,IT Project ManagementGeneral/Other: Project/Program ManagementProject Management
Minnesota,52500,Entry Level
New jersey,32500,Entry Level
Mississippi,81000,Experienced (Non-Manager)
California,90000,Experienced (Non-Manager)
Connecticut,100000,Experienced (Non-Manager)
New jersey,100000,Manager (Manager/Supervisor of Staff)
Ohio,62500,Manager (Manager/Supervisor of Staff)
Massachusetts,65000,Experienced (Non-Manager)
Illinois,100000,Experienced (Non-Manager)
Kentucky,80000,Manager (Manager/Supervisor of Staff)
Washington,50000,Experienced (Non-Manager)
Alabama,102500,Manager (Manager/Supervisor of Staff)
Florida,50000,Manager (Manager/Supervisor of Staff)
California,65000,Experienced (Non-Manager)
Utah,65000,Manager (Manager/Supervisor of Staff)
Florida,52500,Manager (Manager/Supervisor of Staff)
Georgia,90000,Manager (Manager/Supervisor of Staff)
Louisiana,100000,Project/Program Management
South carolina,91900,Experienced (Non-Manager)
New jersey,57500,Experienced (Non-Manager)
New jersey,47500,Experienced (Non-Manager)
Missouri,77500,Manager (Manager/Supervisor of Staff)
Colorado,37500,Experienced (Non-Manager)
Illinois,90000,Experienced (Non-Manager)
Missouri,65000,Quality Assurance/Safety
Texas,110000,Project/Program Management
Virginia,21250,Entry Level
Montana,55000,"Executive (SVP, VP, Department Head, etc)"
Massachusetts,180000,Project/Program Management
Pennsylvania,77500,Manager (Manager/Supervisor of Staff)
New jersey,195000,Experienced (Non-Manager)
California,75000,Manager (Manager/Supervisor of Staff)
North Carolina,67500,Manager (Manager/Supervisor of Staff)
Ohio,52500,Manager (Manager/Supervisor of Staff)
Illinois,95000,"Executive (SVP, VP, Department Head, etc)"
Michigan,80000,Experienced (Non-Manager)
Iowa,74000,Experienced (Non-Manager)
Illinois,52500,Experienced (Non-Manager)
Virginia,57500,Biotech/R&D/Science
Maryland,66500,Experienced (Non-Manager)
Illinois,65000,Manager (Manager/Supervisor of Staff)
Utah,67500,"Executive (SVP, VP, Department Head, etc)"
Wisconsin,75000,Experienced (Non-Manager)
New jersey,30000,Experienced (Non-Manager)
Connecticut,110000,Manager (Manager/Supervisor of Staff)
California,37500,Manager (Manager/Supervisor of Staff)
Tennessee,117500,Quality Assurance/Safety
Kansas,62500,Experienced (Non-Manager)
Pennsylvania,50000,Entry Level
Massachusetts,92500,Experienced (Non-Manager)
Illinois,267500,"Executive (SVP, VP, Department Head, etc)"
Florida,36500,Software Quality Assurance
Pennsylvania,41000,Entry Level
New York,92500,Experienced (Non-Manager)
Washington,41500,Entry Level
Missouri,71000,Quality Assurance/Safety
Kentucky,65000,Experienced (Non-Manager)
Utah,100000,Experienced (Non-Manager)
New jersey,42500,Experienced (Non-Manager)
Ohio,75000,Experienced (Non-Manager)
West Virginia,69000,Quality Assurance/Safety
Colorado,70000,Manager (Manager/Supervisor of Staff)
California,100000,Experienced (Non-Manager)
Tennessee,37500,Manager (Manager/Supervisor of Staff)
Texas,50000,Experienced (Non-Manager)
Georgia,87500,Quality Assurance/Safety
New York,85000,Manager (Manager/Supervisor of Staff)
Indiana,85000,Experienced (Non-Manager)
California,70000,Experienced (Non-Manager)
Kansas,113800,Experienced (Non-Manager)
Massachusetts,152500,Manager (Manager/Supervisor of Staff)
Massachusetts,60000,Manager (Manager/Supervisor of Staff)
Virginia,70000,Manager (Manager/Supervisor of Staff)
California,65000,Accounting/Finance/Insurance
New jersey,60000,Accounting/Finance/Insurance
Georgia,52500,Experienced (Non-Manager)
New jersey,32500,Logistics/Transportation
Georgia,100000,Experienced (Non-Manager)
Georgia,82500,Sales/Retail/Business Development
Georgia,82500,Sales/Retail/Business Development
Georgia,112500,Experienced (Non-Manager)
Massachusetts,100000,Accounting/Finance/Insurance
Massachusetts,47500,Accounting/Finance/Insurance
Massachusetts,70000,Experienced (Non-Manager)
North Carolina,21500,Entry Level
California,121000,Accounting/Finance/Insurance
Massachusetts,55000,Accounting/Finance/Insurance
Maryland,47500,Manager (Manager/Supervisor of Staff)
Maryland,47500,Manager (Manager/Supervisor of Staff)
Texas,100000,Accounting/Finance/Insurance
Massachusetts,90000,Experienced (Non-Manager)
Indiana,42000,Entry Level
Tennessee,90000,Quality Assurance/Safety
Florida,42500,Experienced (Non-Manager)
Washington,115569,Biotech/R&D/Science
Texas,120000,Building Construction/Skilled Trades
Florida,45000,Manager (Manager/Supervisor of Staff)
Illinois,102500,Manager (Manager/Supervisor of Staff)
Ohio,38000,Manager (Manager/Supervisor of Staff)
Texas,46500,Manager (Manager/Supervisor of Staff)
Massachusetts,27000,Manager (Manager/Supervisor of Staff)
Colorado,42500,"Executive (SVP, VP, Department Head, etc)"
North Carolina,482500,Manager (Manager/Supervisor of Staff)
Colorado,82500,Student (High School)
Texas,35000,Manager (Manager/Supervisor of Staff)
Pennsylvania,68000,Manager (Manager/Supervisor of Staff)
Florida,48000,Manager (Manager/Supervisor of Staff)
Ohio,38500,Manager (Manager/Supervisor of Staff)
Missouri,37500,Experienced (Non-Manager)
Texas,52500,Manager (Manager/Supervisor of Staff)
California,67500,Food Services/Hospitality
Pennsylvania,50000,Food Services/Hospitality
Ohio,38000,Manager (Manager/Supervisor of Staff)
South carolina,62500,Manager (Manager/Supervisor of Staff)
Virginia,55000,Manager (Manager/Supervisor of Staff)
California,52500,Food Services/Hospitality
Pennsylvania,70000,Manager (Manager/Supervisor of Staff)
Florida,53500,Food Services/Hospitality
Pennsylvania,62500,Manager (Manager/Supervisor of Staff)
Kansas,40000,Food Services/Hospitality
North Carolina,482500,Manager (Manager/Supervisor of Staff)
Pennsylvania,41500,Manager (Manager/Supervisor of Staff)
Missouri,37500,Manager (Manager/Supervisor of Staff)
Massachusetts,52500,Food Services/Hospitality
Florida,47500,Manager (Manager/Supervisor of Staff)
Florida,60000,Manager (Manager/Supervisor of Staff)
Tennessee,35500,Manager (Manager/Supervisor of Staff)
California,72500,Manager (Manager/Supervisor of Staff)
Rhode island,95000,Manager (Manager/Supervisor of Staff)
Massachusetts,120000,Manager (Manager/Supervisor of Staff)
Ohio,50000,Quality Assurance/Safety
Maryland,67500,IT/Software Development
North Carolina,80000,Installation/Maintenance/Repair
Ohio,57500,Manufacturing/Production/Operations
Texas,32500,Manufacturing/Production/Operations
Virginia,55000,Manufacturing/Production/Operations
Pennsylvania,57500,Manufacturing/Production/Operations
New jersey,82500,Manufacturing/Production/Operations
Texas,32500,Manufacturing/Production/Operations
Florida,60000,Manager (Manager/Supervisor of Staff)
Massachusetts,85000,Experienced (Non-Manager)
Massachusetts,65000,Experienced (Non-Manager)
Massachusetts,72500,Experienced (Non-Manager)
Massachusetts,70000,Accounting/Finance/Insurance
Massachusetts,55000,Manager (Manager/Supervisor of Staff)
Massachusetts,85000,Experienced (Non-Manager)
Massachusetts,62500,Experienced (Non-Manager)
Massachusetts,137500,Manager (Manager/Supervisor of Staff)
Massachusetts,122500,Manager (Manager/Supervisor of Staff)
Massachusetts,52500,Accounting/Finance/Insurance
Massachusetts,62500,Experienced (Non-Manager)
Massachusetts,52500,Experienced (Non-Manager)
Massachusetts,55000,Accounting/Finance/Insurance
Massachusetts,102500,Experienced (Non-Manager)
Massachusetts,62500,Accounting/Finance/Insurance
Massachusetts,95000,Experienced (Non-Manager)
Massachusetts,72500,Experienced (Non-Manager)
Massachusetts,120000,Manager (Manager/Supervisor of Staff)
Massachusetts,72500,Experienced (Non-Manager)
Massachusetts,80000,Manager (Manager/Supervisor of Staff)
Massachusetts,60000,Experienced (Non-Manager)
Massachusetts,125000,Experienced (Non-Manager)
Illinois,87500,Building Construction/Skilled Trades
Illinois,90000,Building Construction/Skilled Trades
Ohio,75000,Manager (Manager/Supervisor of Staff)
Ohio,37500,Sales/Retail/Business Development
Ohio,35360,Experienced (Non-Manager)
Virginia,65000,Experienced (Non-Manager)
Massachusetts,140000,Accounting/Finance/Insurance
Massachusetts,87500,Experienced (Non-Manager)
Massachusetts,112500,Manager (Manager/Supervisor of Staff)
Rhode island,95000,Manager (Manager/Supervisor of Staff)
Florida,55000,Accounting/Finance/Insurance
Ohio,42500,Accounting/Finance/Insurance
Massachusetts,77500,Experienced (Non-Manager)
Massachusetts,152500,Accounting/Finance/Insurance
Illinois,130000,Accounting/Finance/Insurance
New jersey,90000,Accounting/Finance/Insurance
Massachusetts,80000,Accounting/Finance/Insurance
Florida,45000,Experienced (Non-Manager)
Maryland,75000,Experienced (Non-Manager)
Massachusetts,57500,Accounting/Finance/Insurance
Massachusetts,150000,Accounting/Finance/Insurance
Florida,45000,Experienced (Non-Manager)
Massachusetts,38500,Experienced (Non-Manager)
Massachusetts,77500,Experienced (Non-Manager)
Florida,52500,Experienced (Non-Manager)
Texas,70000,Manager (Manager/Supervisor of Staff)
Massachusetts,72500,Experienced (Non-Manager)
Florida,46000,Experienced (Non-Manager)
Florida,70000,Experienced (Non-Manager)
Michigan,34500,Entry Level
Virginia,90000,Manager (Manager/Supervisor of Staff)
Ohio,55919.5,Experienced (Non-Manager)
Virginia,92500,Experienced (Non-Manager)
Massachusetts,53500,Accounting/Finance/Insurance
Virginia,95000,Experienced (Non-Manager)
Virginia,95000,Experienced (Non-Manager)
Massachusetts,55000,Accounting/Finance/Insurance
Massachusetts,53500,Experienced (Non-Manager)
Massachusetts,72500,Experienced (Non-Manager)
Texas,95000,Accounting/Finance/Insurance
Kansas,62500,Accounting/Finance/Insurance
Texas,95000,Accounting/Finance/Insurance
Texas,65000,Accounting/Finance/Insurance
Texas,100000,Marketing/Product
Texas,67500,Accounting/Finance/Insurance
Florida,75000,IT/Software Development
Florida,82500,Experienced (Non-Manager)
Texas,100000,IT/Software Development
Texas,42500,Sales/Retail/Business Development
California,50000,Project/Program Management
Illinois,70000,Sales/Retail/Business Development
North Carolina,70000,Sales/Retail/Business Development
Texas,95000,Manager (Manager/Supervisor of Staff)
Alabama,70000,Sales/Retail/Business Development
North Carolina,70000,Sales/Retail/Business Development
Tennessee,70000,Sales/Retail/Business Development
Indiana,70000,Sales/Retail/Business Development
Alabama,70000,Sales/Retail/Business Development
Virginia,70000,Sales/Retail/Business Development
Alabama,70000,Sales/Retail/Business Development
Mississippi,70000,Sales/Retail/Business Development
Mississippi,70000,Sales/Retail/Business Development
North Carolina,70000,Sales/Retail/Business Development
Alabama,70000,Sales/Retail/Business Development
Mississippi,70000,Sales/Retail/Business Development
Virginia,70000,Sales/Retail/Business Development
Tennessee,70000,Sales/Retail/Business Development
North Carolina,70000,Sales/Retail/Business Development
Texas,80000,Accounting/Finance/Insurance
Texas,62500,Legal
Texas,23500,Accounting/Finance/Insurance
Texas,70000,Accounting/Finance/Insurance
Texas,100000,Systems Analysis - IT
Texas,60000,Manager (Manager/Supervisor of Staff)
Texas,150000,Experienced (Non-Manager)
Texas,70000,Experienced (Non-Manager)
Texas,55000,Accounting/Finance/Insurance
Texas,42500,Accounting/Finance/Insurance
Texas,67500,Manager (Manager/Supervisor of Staff)
Texas,45000,Experienced (Non-Manager)
Ohio,65000,Experienced (Non-Manager)
Texas,70000,Accounting/Finance/Insurance
Texas,55000,Entry Level
Texas,70000,Experienced (Non-Manager)
Texas,44000,Experienced (Non-Manager)
Texas,60000,Accounting/Finance/Insurance
Texas,77500,Accounting/Finance/Insurance
Texas,67500,Accounting/Finance/Insurance
Texas,50000,Entry Level
Texas,35000,Experienced (Non-Manager)
Texas,60000,Accounting/Finance/Insurance
Texas,110000,Sales/Retail/Business Development
Texas,85000,Manager (Manager/Supervisor of Staff)
Texas,67500,Accounting/Finance/Insurance
Texas,45000,Experienced (Non-Manager)
Texas,50000,Experienced (Non-Manager)
Texas,50000,Manager (Manager/Supervisor of Staff)
Texas,100000,IT/Software Development
Texas,92500,Experienced (Non-Manager)
Texas,115000,Experienced (Non-Manager)
Texas,100000,Experienced (Non-Manager)
Texas,82500,Accounting/Finance/Insurance
Texas,70000,Accounting/Finance/Insurance
Texas,62500,Accounting/Finance/Insurance
Texas,67500,Manager (Manager/Supervisor of Staff)
Texas,65000,Manager (Manager/Supervisor of Staff)
Texas,70000,Accounting/Finance/Insurance
Texas,82500,Accounting/Finance/Insurance
Texas,75000,Manager (Manager/Supervisor of Staff)
Texas,102500,Experienced (Non-Manager)
Texas,140500,Sales/Retail/Business Development
Texas,80000,Accounting/Finance/Insurance
Texas,70000,Insurance Agent/BrokerGeneral/Other: Sales/Business DevelopmentFinancial Products Sales/Brokerage
Texas,80000,Accounting/Finance/Insurance
Texas,57500,Accounting/Finance/Insurance
Texas,60000,Accounting/Finance/Insurance
Texas,85000,Experienced (Non-Manager)
Texas,110000,Manager (Manager/Supervisor of Staff)
Texas,52500,Accounting/Finance/Insurance
Texas,37500,Entry Level
Texas,102500,Manager (Manager/Supervisor of Staff)
Texas,62500,Accounting/Finance/Insurance
Texas,57500,Accounting/Finance/Insurance
Texas,90000,Accounting/Finance/Insurance
Ohio,42500,Entry Level
Texas,70000,Accounting/Finance/Insurance
Ohio,40500,Experienced (Non-Manager)
Texas,95000,Experienced (Non-Manager)
Texas,45000,Business/Strategic Management
Texas,65000,Manager (Manager/Supervisor of Staff)
Texas,50000,Entry Level
Texas,95000,Accounting/Finance/Insurance
Texas,62500,Manager (Manager/Supervisor of Staff)
Texas,67500,Accounting/Finance/Insurance
Texas,65000,Accounting/Finance/Insurance
Texas,42500,Accounting/Finance/Insurance
Texas,45000,Experienced (Non-Manager)
Texas,45500,Food Services/Hospitality
Texas,85000,Accounting/Finance/Insurance
Texas,80000,Accounting/Finance/Insurance
Texas,77500,Experienced (Non-Manager)
Texas,42500,Experienced (Non-Manager)
Texas,95000,Experienced (Non-Manager)
Texas,80000,Accounting/Finance/Insurance
Texas,70000,Accounting/Finance/Insurance
Texas,107500,IT/Software Development
Texas,67500,Manager (Manager/Supervisor of Staff)
Texas,75000,Experienced (Non-Manager)
Texas,37500,Experienced (Non-Manager)
Texas,90000,Experienced (Non-Manager)
Texas,75000,Accounting/Finance/Insurance
Texas,37500,Experienced (Non-Manager)
Texas,107500,Medical/Health
Texas,45000,Sales/Retail/Business Development
Texas,40000,Experienced (Non-Manager)
Ohio,40000,Entry Level
Texas,48000,Experienced (Non-Manager)
Texas,34140,Manager (Manager/Supervisor of Staff)
Texas,82500,Manager (Manager/Supervisor of Staff)
Texas,32500,Accounting/Finance/Insurance
Texas,70000,Experienced (Non-Manager)
Texas,75000,Experienced (Non-Manager)
Texas,60000,Experienced (Non-Manager)
Texas,77500,Experienced (Non-Manager)
Texas,67500,Accounting/Finance/Insurance
Texas,50000,Entry Level
Texas,62500,Experienced (Non-Manager)
Texas,55000,Accounting/Finance/Insurance
Texas,45000,Business/Strategic Management
Texas,40000,Experienced (Non-Manager)
Texas,38200,Sales/Retail/Business Development
Ohio,40000,Entry Level
Texas,80000,Accounting/Finance/Insurance
Texas,84750,Experienced (Non-Manager)
Texas,57500,Accounting/Finance/Insurance
Texas,55000,Accounting/Finance/Insurance
Texas,35000,Entry Level
Texas,72500,Experienced (Non-Manager)
Texas,65000,Accounting/Finance/Insurance
Texas,82500,General/Other: Accounting/Finance
Texas,92500,Accounting/Finance/Insurance
Texas,70000,Experienced (Non-Manager)
Texas,110000,IT/Software Development
Texas,67500,Accounting/Finance/Insurance
Texas,120000,IT/Software Development
Texas,57500,Accounting/Finance/Insurance
Texas,92500,Accounting/Finance/Insurance
Texas,40000,Accounting/Finance/Insurance
Texas,55000,Accounting/Finance/Insurance
Texas,55000,Manager (Manager/Supervisor of Staff)
Texas,40000,Experienced (Non-Manager)
Texas,107500,Accounting/Finance/Insurance
Texas,85000,Experienced (Non-Manager)
Texas,82500,Accounting/Finance/Insurance
Tennessee,65000,Insurance Agent/BrokerGeneral/Other: Sales/Business DevelopmentFinancial Products Sales/Brokerage
Tennessee,55000,Experienced (Non-Manager)
Tennessee,70000,Sales/Retail/Business Development
North Carolina,95000,Manager (Manager/Supervisor of Staff)
Pennsylvania,75000,Experienced (Non-Manager)
Illinois,77500,Manager (Manager/Supervisor of Staff)
Massachusetts,65000,Food Services/Hospitality
Wisconsin,42500,Food Services/Hospitality
Missouri,110000,Manager (Manager/Supervisor of Staff)
Pennsylvania,40000,Manager (Manager/Supervisor of Staff)
Arkansas,53000,Manager (Manager/Supervisor of Staff)
North Carolina,55000,Manager (Manager/Supervisor of Staff)
North Carolina,50000,Manager (Manager/Supervisor of Staff)
Florida,107500,Manager (Manager/Supervisor of Staff)
Texas,52500,Manager (Manager/Supervisor of Staff)
Texas,125000,Medical/Health
New York,135000,Student (High School)
Florida,48500,Manager (Manager/Supervisor of Staff)
Indiana,42500,Manager (Manager/Supervisor of Staff)
California,125000,Manager (Manager/Supervisor of Staff)
Iowa,55000,Manager (Manager/Supervisor of Staff)
Florida,48000,Manager (Manager/Supervisor of Staff)
Missouri,37500,Manager (Manager/Supervisor of Staff)
Missouri,52500,Manager (Manager/Supervisor of Staff)
Louisiana,50000,Manager (Manager/Supervisor of Staff)
Florida,37500,Manager (Manager/Supervisor of Staff)
Louisiana,51500,Food Services/Hospitality
California,147500,Medical/Health
Idaho,125000,Experienced (Non-Manager)
Missouri,37500,Manager (Manager/Supervisor of Staff)
Pennsylvania,36000,Food Services/Hospitality
Illinois,80000,Experienced (Non-Manager)
California,90000,Food Services/Hospitality
Louisiana,60000,Manager (Manager/Supervisor of Staff)
North Carolina,46000,Manager (Manager/Supervisor of Staff)
California,80000,Food Services/Hospitality
Colorado,47500,Manager (Manager/Supervisor of Staff)
Missouri,52500,Manager (Manager/Supervisor of Staff)
Louisiana,42000,Manager (Manager/Supervisor of Staff)
California,72500,Manager (Manager/Supervisor of Staff)
Pennsylvania,50000,Food Services/Hospitality
Florida,46000,Food Services/Hospitality
Pennsylvania,62500,Manager (Manager/Supervisor of Staff)
Florida,87500,Medical/Health
North Carolina,57500,Manager (Manager/Supervisor of Staff)
Illinois,80000,Manager (Manager/Supervisor of Staff)
Texas,47500,Manager (Manager/Supervisor of Staff)
Texas,52000,Medical/Health
Arizona,51500,Manager (Manager/Supervisor of Staff)
Wisconsin,42500,Food Services/Hospitality
Wisconsin,65000,Manager (Manager/Supervisor of Staff)
Florida,47500,Manager (Manager/Supervisor of Staff)
South carolina,40500,Manager (Manager/Supervisor of Staff)
California,73000,Experienced (Non-Manager)
California,45000,Experienced (Non-Manager)
Florida,50000,Manager (Manager/Supervisor of Staff)
Florida,49500,Manager (Manager/Supervisor of Staff)
California,27000,Manager (Manager/Supervisor of Staff)
Missouri,110000,Manager (Manager/Supervisor of Staff)
Florida,45000,Manager (Manager/Supervisor of Staff)
California,52500,Manager (Manager/Supervisor of Staff)
Florida,48000,Manager (Manager/Supervisor of Staff)
California,74000,Experienced (Non-Manager)
Kansas,60000,Manager (Manager/Supervisor of Staff)
Texas,65000,Manager (Manager/Supervisor of Staff)
California,41500,Experienced (Non-Manager)
California,52197.5,Experienced (Non-Manager)
Florida,51500,Manager (Manager/Supervisor of Staff)
Illinois,33500,Manager (Manager/Supervisor of Staff)
Kansas,46000,Manager (Manager/Supervisor of Staff)
Wisconsin,42500,Food Services/Hospitality
Pennsylvania,38000,Manager (Manager/Supervisor of Staff)
Maryland,130154.8,Experienced (Non-Manager)
Georgia,42500,Food Services/Hospitality
Kansas,55000,Manager (Manager/Supervisor of Staff)
Missouri,49500,Food Services/Hospitality
Missouri,38000,Food Services/Hospitality
Arkansas,110000,Manager (Manager/Supervisor of Staff)
Florida,50000,Manager (Manager/Supervisor of Staff)
North Carolina,34000,Manager (Manager/Supervisor of Staff)
Illinois,85000,Manager (Manager/Supervisor of Staff)
Wisconsin,50500,Food Services/Hospitality
Florida,45000,Manager (Manager/Supervisor of Staff)
Virginia,46000,Manager (Manager/Supervisor of Staff)
Florida,57500,Manager (Manager/Supervisor of Staff)
Florida,42500,Manager (Manager/Supervisor of Staff)
Wisconsin,42500,Food Services/Hospitality
Wisconsin,42500,Food Services/Hospitality
Texas,32500,Manager (Manager/Supervisor of Staff)
Ohio,55000,Manager (Manager/Supervisor of Staff)
California,60220,Experienced (Non-Manager)
Florida,45000,Manager (Manager/Supervisor of Staff)
Michigan,37500,Manager (Manager/Supervisor of Staff)
Louisiana,47500,Food Services/Hospitality
California,52500,Manager (Manager/Supervisor of Staff)
Louisiana,45000,Food Services/Hospitality
Wisconsin,42500,Food Services/Hospitality
California,45000,Manager (Manager/Supervisor of Staff)
Pennsylvania,46500,Experienced (Non-Manager)
Texas,34000,Manager (Manager/Supervisor of Staff)
Indiana,45000,Manager (Manager/Supervisor of Staff)
North Carolina,46000,Manager (Manager/Supervisor of Staff)
California,52500,Manager (Manager/Supervisor of Staff)
Nevada,52500,Food Services/Hospitality
California,41000,Experienced (Non-Manager)
